Nombre,Apellido,NombreProducto,CantidadVendido
Steven,Buchanan,"Mozzarella di Giovanni",476
Steven,Buchanan,"Guaran� Fant�stica",814
Steven,Buchanan,"Boston Crab Meat",766
Steven,Buchanan,"Singaporean Hokkien Fried Mee",550
Steven,Buchanan,"R�ssle Sauerkraut",388
Steven,Buchanan,Maxilaku,295
Steven,Buchanan,"Genen Shouyu",97
Steven,Buchanan,Tourti�re,430
Steven,Buchanan,"Rogede sild",463
Steven,Buchanan,"Perth Pasties",393
Steven,Buchanan,"Laughing Lumberjack Lager",179
Steven,Buchanan,Tofu,240
Steven,Buchanan,"Louisiana Fiery Hot Pepper Sauce",492
Steven,Buchanan,Chang,656
Steven,Buchanan,"Sir Rodney's Scones",754
Steven,Buchanan,"Sirop d'�rable",472
Steven,Buchanan,"Tarte au sucre",723
Steven,Buchanan,"NuNuCa Nu�-Nougat-Creme",175
Steven,Buchanan,"Outback Lager",556
Steven,Buchanan,"Ipoh Coffee",406
Steven,Buchanan,Chocolade,53
Steven,Buchanan,Konbu,798
Steven,Buchanan,"Chartreuse verte",481
Steven,Buchanan,"Th�ringer Rostbratwurst",560
Steven,Buchanan,"Rh�nbr�u Klosterbier",961
Steven,Buchanan,"Chef Anton's Cajun Seasoning",330
Steven,Buchanan,"Uncle Bob's Organic Dried Pears",692
Steven,Buchanan,"Northwoods Cranberry Sauce",232
Steven,Buchanan,Spegesild,368
Steven,Buchanan,"Zaanse koeken",354
Steven,Buchanan,"Camembert Pierrot",1087
Steven,Buchanan,"Mascarpone Fabioli",245
Steven,Buchanan,"Sir Rodney's Marmalade",207
Steven,Buchanan,"Gnocchi di nonna Alice",885
Steven,Buchanan,"Mishi Kobe Niku",75
Steven,Buchanan,Pavlova,747
Steven,Buchanan,"Schoggi Schokolade",275
Steven,Buchanan,Geitost,407
Steven,Buchanan,"Carnarvon Tigers",403
Steven,Buchanan,"Jack's New England Clam Chowder",792
Steven,Buchanan,"Filo Mix",417
Steven,Buchanan,"Raclette Courdavault",952
Steven,Buchanan,"C�te de Blaye",354
Steven,Buchanan,"Gula Malacca",306
Steven,Buchanan,Ikura,603
Steven,Buchanan,"Steeleye Stout",506
Steven,Buchanan,"Scottish Longbreads",549
Steven,Buchanan,Chai,654
Steven,Buchanan,"Nord-Ost Matjeshering",406
Steven,Buchanan,"Alice Mutton",637
Steven,Buchanan,"Gravad lax",86
Steven,Buchanan,"Inlagd Sill",607
Steven,Buchanan,"Queso Cabrales",494
Steven,Buchanan,"P�t� chinois",453
Steven,Buchanan,Gudbrandsdalsost,520
Steven,Buchanan,Lakkalik��ri,741
Steven,Buchanan,"Louisiana Hot Spiced Okra",79
Steven,Buchanan,"R�d Kaviar",228
Steven,Buchanan,"Ravioli Angelo",266
Steven,Buchanan,"Queso Manchego La Pastora",317
Steven,Buchanan,"Gorgonzola Telino",881
Steven,Buchanan,"Manjimup Dried Apples",677
Steven,Buchanan,"Escargots de Bourgogne",379
Steven,Buchanan,"Aniseed Syrup",228
Steven,Buchanan,"Gumb�r Gummib�rchen",440
Steven,Buchanan,Flotemysost,627
Steven,Buchanan,Tunnbr�d,369
Steven,Buchanan,"Sasquatch Ale",361
Steven,Buchanan,"Teatime Chocolate Biscuits",464
Steven,Buchanan,"Gustaf's Kn�ckebr�d",330
Steven,Buchanan,"Original Frankfurter gr�ne So�e",561
Steven,Buchanan,"Wimmers gute Semmelkn�del",500
Steven,Buchanan,Vegie-spread,236
Steven,Buchanan,"Grandma's Boysenberry Spread",265
Steven,Buchanan,"Chef Anton's Gumbo Mix",169
Steven,Buchanan,"Valkoinen suklaa",140
Steven,Buchanan,"Longlife Tofu",95
Laura,Callahan,"Mozzarella di Giovanni",476
Laura,Callahan,"Guaran� Fant�stica",814
Laura,Callahan,"Boston Crab Meat",766
Laura,Callahan,"Singaporean Hokkien Fried Mee",550
Laura,Callahan,"R�ssle Sauerkraut",388
Laura,Callahan,Maxilaku,295
Laura,Callahan,"Genen Shouyu",97
Laura,Callahan,Tourti�re,430
Laura,Callahan,"Rogede sild",463
Laura,Callahan,"Perth Pasties",393
Laura,Callahan,"Laughing Lumberjack Lager",179
Laura,Callahan,Tofu,240
Laura,Callahan,"Louisiana Fiery Hot Pepper Sauce",492
Laura,Callahan,Chang,656
Laura,Callahan,"Sir Rodney's Scones",754
Laura,Callahan,"Sirop d'�rable",472
Laura,Callahan,"Tarte au sucre",723
Laura,Callahan,"NuNuCa Nu�-Nougat-Creme",175
Laura,Callahan,"Outback Lager",556
Laura,Callahan,"Ipoh Coffee",406
Laura,Callahan,Chocolade,53
Laura,Callahan,Konbu,798
Laura,Callahan,"Chartreuse verte",481
Laura,Callahan,"Th�ringer Rostbratwurst",560
Laura,Callahan,"Rh�nbr�u Klosterbier",961
Laura,Callahan,"Chef Anton's Cajun Seasoning",330
Laura,Callahan,"Uncle Bob's Organic Dried Pears",692
Laura,Callahan,"Northwoods Cranberry Sauce",232
Laura,Callahan,Spegesild,368
Laura,Callahan,"Zaanse koeken",354
Laura,Callahan,"Camembert Pierrot",1087
Laura,Callahan,"Mascarpone Fabioli",245
Laura,Callahan,"Sir Rodney's Marmalade",207
Laura,Callahan,"Gnocchi di nonna Alice",885
Laura,Callahan,"Mishi Kobe Niku",75
Laura,Callahan,Pavlova,747
Laura,Callahan,"Schoggi Schokolade",275
Laura,Callahan,Geitost,407
Laura,Callahan,"Carnarvon Tigers",403
Laura,Callahan,"Jack's New England Clam Chowder",792
Laura,Callahan,"Filo Mix",417
Laura,Callahan,"Raclette Courdavault",952
Laura,Callahan,"C�te de Blaye",354
Laura,Callahan,"Gula Malacca",306
Laura,Callahan,Ikura,603
Laura,Callahan,"Steeleye Stout",506
Laura,Callahan,"Scottish Longbreads",549
Laura,Callahan,Chai,654
Laura,Callahan,"Nord-Ost Matjeshering",406
Laura,Callahan,"Alice Mutton",637
Laura,Callahan,"Gravad lax",86
Laura,Callahan,"Inlagd Sill",607
Laura,Callahan,"Queso Cabrales",494
Laura,Callahan,"P�t� chinois",453
Laura,Callahan,Gudbrandsdalsost,520
Laura,Callahan,Lakkalik��ri,741
Laura,Callahan,"Louisiana Hot Spiced Okra",79
Laura,Callahan,"R�d Kaviar",228
Laura,Callahan,"Ravioli Angelo",266
Laura,Callahan,"Queso Manchego La Pastora",317
Laura,Callahan,"Gorgonzola Telino",881
Laura,Callahan,"Manjimup Dried Apples",677
Laura,Callahan,"Escargots de Bourgogne",379
Laura,Callahan,"Aniseed Syrup",228
Laura,Callahan,"Gumb�r Gummib�rchen",440
Laura,Callahan,Flotemysost,627
Laura,Callahan,Tunnbr�d,369
Laura,Callahan,"Sasquatch Ale",361
Laura,Callahan,"Teatime Chocolate Biscuits",464
Laura,Callahan,"Gustaf's Kn�ckebr�d",330
Laura,Callahan,"Original Frankfurter gr�ne So�e",561
Laura,Callahan,"Wimmers gute Semmelkn�del",500
Laura,Callahan,Vegie-spread,236
Laura,Callahan,"Grandma's Boysenberry Spread",265
Laura,Callahan,"Chef Anton's Gumbo Mix",169
Laura,Callahan,"Valkoinen suklaa",140
Laura,Callahan,"Longlife Tofu",95
Nancy,Davolio,"Mozzarella di Giovanni",476
Nancy,Davolio,"Guaran� Fant�stica",814
Nancy,Davolio,"Boston Crab Meat",766
Nancy,Davolio,"Singaporean Hokkien Fried Mee",550
Nancy,Davolio,"R�ssle Sauerkraut",388
Nancy,Davolio,Maxilaku,295
Nancy,Davolio,"Genen Shouyu",97
Nancy,Davolio,Tourti�re,430
Nancy,Davolio,"Rogede sild",463
Nancy,Davolio,"Perth Pasties",393
Nancy,Davolio,"Laughing Lumberjack Lager",179
Nancy,Davolio,Tofu,240
Nancy,Davolio,"Louisiana Fiery Hot Pepper Sauce",492
Nancy,Davolio,Chang,656
Nancy,Davolio,"Sir Rodney's Scones",754
Nancy,Davolio,"Sirop d'�rable",472
Nancy,Davolio,"Tarte au sucre",723
Nancy,Davolio,"NuNuCa Nu�-Nougat-Creme",175
Nancy,Davolio,"Outback Lager",556
Nancy,Davolio,"Ipoh Coffee",406
Nancy,Davolio,Chocolade,53
Nancy,Davolio,Konbu,798
Nancy,Davolio,"Chartreuse verte",481
Nancy,Davolio,"Th�ringer Rostbratwurst",560
Nancy,Davolio,"Rh�nbr�u Klosterbier",961
Nancy,Davolio,"Chef Anton's Cajun Seasoning",330
Nancy,Davolio,"Uncle Bob's Organic Dried Pears",692
Nancy,Davolio,"Northwoods Cranberry Sauce",232
Nancy,Davolio,Spegesild,368
Nancy,Davolio,"Zaanse koeken",354
Nancy,Davolio,"Camembert Pierrot",1087
Nancy,Davolio,"Mascarpone Fabioli",245
Nancy,Davolio,"Sir Rodney's Marmalade",207
Nancy,Davolio,"Gnocchi di nonna Alice",885
Nancy,Davolio,"Mishi Kobe Niku",75
Nancy,Davolio,Pavlova,747
Nancy,Davolio,"Schoggi Schokolade",275
Nancy,Davolio,Geitost,407
Nancy,Davolio,"Carnarvon Tigers",403
Nancy,Davolio,"Jack's New England Clam Chowder",792
Nancy,Davolio,"Filo Mix",417
Nancy,Davolio,"Raclette Courdavault",952
Nancy,Davolio,"C�te de Blaye",354
Nancy,Davolio,"Gula Malacca",306
Nancy,Davolio,Ikura,603
Nancy,Davolio,"Steeleye Stout",506
Nancy,Davolio,"Scottish Longbreads",549
Nancy,Davolio,Chai,654
Nancy,Davolio,"Nord-Ost Matjeshering",406
Nancy,Davolio,"Alice Mutton",637
Nancy,Davolio,"Gravad lax",86
Nancy,Davolio,"Inlagd Sill",607
Nancy,Davolio,"Queso Cabrales",494
Nancy,Davolio,"P�t� chinois",453
Nancy,Davolio,Gudbrandsdalsost,520
Nancy,Davolio,Lakkalik��ri,741
Nancy,Davolio,"Louisiana Hot Spiced Okra",79
Nancy,Davolio,"R�d Kaviar",228
Nancy,Davolio,"Ravioli Angelo",266
Nancy,Davolio,"Queso Manchego La Pastora",317
Nancy,Davolio,"Gorgonzola Telino",881
Nancy,Davolio,"Manjimup Dried Apples",677
Nancy,Davolio,"Escargots de Bourgogne",379
Nancy,Davolio,"Aniseed Syrup",228
Nancy,Davolio,"Gumb�r Gummib�rchen",440
Nancy,Davolio,Flotemysost,627
Nancy,Davolio,Tunnbr�d,369
Nancy,Davolio,"Sasquatch Ale",361
Nancy,Davolio,"Teatime Chocolate Biscuits",464
Nancy,Davolio,"Gustaf's Kn�ckebr�d",330
Nancy,Davolio,"Original Frankfurter gr�ne So�e",561
Nancy,Davolio,"Wimmers gute Semmelkn�del",500
Nancy,Davolio,Vegie-spread,236
Nancy,Davolio,"Grandma's Boysenberry Spread",265
Nancy,Davolio,"Chef Anton's Gumbo Mix",169
Nancy,Davolio,"Valkoinen suklaa",140
Nancy,Davolio,"Longlife Tofu",95
Anne,Dodsworth,"Mozzarella di Giovanni",476
Anne,Dodsworth,"Guaran� Fant�stica",814
Anne,Dodsworth,"Boston Crab Meat",766
Anne,Dodsworth,"Singaporean Hokkien Fried Mee",550
Anne,Dodsworth,"R�ssle Sauerkraut",388
Anne,Dodsworth,Maxilaku,295
Anne,Dodsworth,"Genen Shouyu",97
Anne,Dodsworth,Tourti�re,430
Anne,Dodsworth,"Rogede sild",463
Anne,Dodsworth,"Perth Pasties",393
Anne,Dodsworth,"Laughing Lumberjack Lager",179
Anne,Dodsworth,Tofu,240
Anne,Dodsworth,"Louisiana Fiery Hot Pepper Sauce",492
Anne,Dodsworth,Chang,656
Anne,Dodsworth,"Sir Rodney's Scones",754
Anne,Dodsworth,"Sirop d'�rable",472
Anne,Dodsworth,"Tarte au sucre",723
Anne,Dodsworth,"NuNuCa Nu�-Nougat-Creme",175
Anne,Dodsworth,"Outback Lager",556
Anne,Dodsworth,"Ipoh Coffee",406
Anne,Dodsworth,Chocolade,53
Anne,Dodsworth,Konbu,798
Anne,Dodsworth,"Chartreuse verte",481
Anne,Dodsworth,"Th�ringer Rostbratwurst",560
Anne,Dodsworth,"Rh�nbr�u Klosterbier",961
Anne,Dodsworth,"Chef Anton's Cajun Seasoning",330
Anne,Dodsworth,"Uncle Bob's Organic Dried Pears",692
Anne,Dodsworth,"Northwoods Cranberry Sauce",232
Anne,Dodsworth,Spegesild,368
Anne,Dodsworth,"Zaanse koeken",354
Anne,Dodsworth,"Camembert Pierrot",1087
Anne,Dodsworth,"Mascarpone Fabioli",245
Anne,Dodsworth,"Sir Rodney's Marmalade",207
Anne,Dodsworth,"Gnocchi di nonna Alice",885
Anne,Dodsworth,"Mishi Kobe Niku",75
Anne,Dodsworth,Pavlova,747
Anne,Dodsworth,"Schoggi Schokolade",275
Anne,Dodsworth,Geitost,407
Anne,Dodsworth,"Carnarvon Tigers",403
Anne,Dodsworth,"Jack's New England Clam Chowder",792
Anne,Dodsworth,"Filo Mix",417
Anne,Dodsworth,"Raclette Courdavault",952
Anne,Dodsworth,"C�te de Blaye",354
Anne,Dodsworth,"Gula Malacca",306
Anne,Dodsworth,Ikura,603
Anne,Dodsworth,"Steeleye Stout",506
Anne,Dodsworth,"Scottish Longbreads",549
Anne,Dodsworth,Chai,654
Anne,Dodsworth,"Nord-Ost Matjeshering",406
Anne,Dodsworth,"Alice Mutton",637
Anne,Dodsworth,"Gravad lax",86
Anne,Dodsworth,"Inlagd Sill",607
Anne,Dodsworth,"Queso Cabrales",494
Anne,Dodsworth,"P�t� chinois",453
Anne,Dodsworth,Gudbrandsdalsost,520
Anne,Dodsworth,Lakkalik��ri,741
Anne,Dodsworth,"Louisiana Hot Spiced Okra",79
Anne,Dodsworth,"R�d Kaviar",228
Anne,Dodsworth,"Ravioli Angelo",266
Anne,Dodsworth,"Queso Manchego La Pastora",317
Anne,Dodsworth,"Gorgonzola Telino",881
Anne,Dodsworth,"Manjimup Dried Apples",677
Anne,Dodsworth,"Escargots de Bourgogne",379
Anne,Dodsworth,"Aniseed Syrup",228
Anne,Dodsworth,"Gumb�r Gummib�rchen",440
Anne,Dodsworth,Flotemysost,627
Anne,Dodsworth,Tunnbr�d,369
Anne,Dodsworth,"Sasquatch Ale",361
Anne,Dodsworth,"Teatime Chocolate Biscuits",464
Anne,Dodsworth,"Gustaf's Kn�ckebr�d",330
Anne,Dodsworth,"Original Frankfurter gr�ne So�e",561
Anne,Dodsworth,"Wimmers gute Semmelkn�del",500
Anne,Dodsworth,Vegie-spread,236
Anne,Dodsworth,"Grandma's Boysenberry Spread",265
Anne,Dodsworth,"Chef Anton's Gumbo Mix",169
Anne,Dodsworth,"Valkoinen suklaa",140
Anne,Dodsworth,"Longlife Tofu",95
Andrew,Fuller,"Mozzarella di Giovanni",476
Andrew,Fuller,"Guaran� Fant�stica",814
Andrew,Fuller,"Boston Crab Meat",766
Andrew,Fuller,"Singaporean Hokkien Fried Mee",550
Andrew,Fuller,"R�ssle Sauerkraut",388
Andrew,Fuller,Maxilaku,295
Andrew,Fuller,"Genen Shouyu",97
Andrew,Fuller,Tourti�re,430
Andrew,Fuller,"Rogede sild",463
Andrew,Fuller,"Perth Pasties",393
Andrew,Fuller,"Laughing Lumberjack Lager",179
Andrew,Fuller,Tofu,240
Andrew,Fuller,"Louisiana Fiery Hot Pepper Sauce",492
Andrew,Fuller,Chang,656
Andrew,Fuller,"Sir Rodney's Scones",754
Andrew,Fuller,"Sirop d'�rable",472
Andrew,Fuller,"Tarte au sucre",723
Andrew,Fuller,"NuNuCa Nu�-Nougat-Creme",175
Andrew,Fuller,"Outback Lager",556
Andrew,Fuller,"Ipoh Coffee",406
Andrew,Fuller,Chocolade,53
Andrew,Fuller,Konbu,798
Andrew,Fuller,"Chartreuse verte",481
Andrew,Fuller,"Th�ringer Rostbratwurst",560
Andrew,Fuller,"Rh�nbr�u Klosterbier",961
Andrew,Fuller,"Chef Anton's Cajun Seasoning",330
Andrew,Fuller,"Uncle Bob's Organic Dried Pears",692
Andrew,Fuller,"Northwoods Cranberry Sauce",232
Andrew,Fuller,Spegesild,368
Andrew,Fuller,"Zaanse koeken",354
Andrew,Fuller,"Camembert Pierrot",1087
Andrew,Fuller,"Mascarpone Fabioli",245
Andrew,Fuller,"Sir Rodney's Marmalade",207
Andrew,Fuller,"Gnocchi di nonna Alice",885
Andrew,Fuller,"Mishi Kobe Niku",75
Andrew,Fuller,Pavlova,747
Andrew,Fuller,"Schoggi Schokolade",275
Andrew,Fuller,Geitost,407
Andrew,Fuller,"Carnarvon Tigers",403
Andrew,Fuller,"Jack's New England Clam Chowder",792
Andrew,Fuller,"Filo Mix",417
Andrew,Fuller,"Raclette Courdavault",952
Andrew,Fuller,"C�te de Blaye",354
Andrew,Fuller,"Gula Malacca",306
Andrew,Fuller,Ikura,603
Andrew,Fuller,"Steeleye Stout",506
Andrew,Fuller,"Scottish Longbreads",549
Andrew,Fuller,Chai,654
Andrew,Fuller,"Nord-Ost Matjeshering",406
Andrew,Fuller,"Alice Mutton",637
Andrew,Fuller,"Gravad lax",86
Andrew,Fuller,"Inlagd Sill",607
Andrew,Fuller,"Queso Cabrales",494
Andrew,Fuller,"P�t� chinois",453
Andrew,Fuller,Gudbrandsdalsost,520
Andrew,Fuller,Lakkalik��ri,741
Andrew,Fuller,"Louisiana Hot Spiced Okra",79
Andrew,Fuller,"R�d Kaviar",228
Andrew,Fuller,"Ravioli Angelo",266
Andrew,Fuller,"Queso Manchego La Pastora",317
Andrew,Fuller,"Gorgonzola Telino",881
Andrew,Fuller,"Manjimup Dried Apples",677
Andrew,Fuller,"Escargots de Bourgogne",379
Andrew,Fuller,"Aniseed Syrup",228
Andrew,Fuller,"Gumb�r Gummib�rchen",440
Andrew,Fuller,Flotemysost,627
Andrew,Fuller,Tunnbr�d,369
Andrew,Fuller,"Sasquatch Ale",361
Andrew,Fuller,"Teatime Chocolate Biscuits",464
Andrew,Fuller,"Gustaf's Kn�ckebr�d",330
Andrew,Fuller,"Original Frankfurter gr�ne So�e",561
Andrew,Fuller,"Wimmers gute Semmelkn�del",500
Andrew,Fuller,Vegie-spread,236
Andrew,Fuller,"Grandma's Boysenberry Spread",265
Andrew,Fuller,"Chef Anton's Gumbo Mix",169
Andrew,Fuller,"Valkoinen suklaa",140
Andrew,Fuller,"Longlife Tofu",95
Robert,King,"Mozzarella di Giovanni",476
Robert,King,"Guaran� Fant�stica",814
Robert,King,"Boston Crab Meat",766
Robert,King,"Singaporean Hokkien Fried Mee",550
Robert,King,"R�ssle Sauerkraut",388
Robert,King,Maxilaku,295
Robert,King,"Genen Shouyu",97
Robert,King,Tourti�re,430
Robert,King,"Rogede sild",463
Robert,King,"Perth Pasties",393
Robert,King,"Laughing Lumberjack Lager",179
Robert,King,Tofu,240
Robert,King,"Louisiana Fiery Hot Pepper Sauce",492
Robert,King,Chang,656
Robert,King,"Sir Rodney's Scones",754
Robert,King,"Sirop d'�rable",472
Robert,King,"Tarte au sucre",723
Robert,King,"NuNuCa Nu�-Nougat-Creme",175
Robert,King,"Outback Lager",556
Robert,King,"Ipoh Coffee",406
Robert,King,Chocolade,53
Robert,King,Konbu,798
Robert,King,"Chartreuse verte",481
Robert,King,"Th�ringer Rostbratwurst",560
Robert,King,"Rh�nbr�u Klosterbier",961
Robert,King,"Chef Anton's Cajun Seasoning",330
Robert,King,"Uncle Bob's Organic Dried Pears",692
Robert,King,"Northwoods Cranberry Sauce",232
Robert,King,Spegesild,368
Robert,King,"Zaanse koeken",354
Robert,King,"Camembert Pierrot",1087
Robert,King,"Mascarpone Fabioli",245
Robert,King,"Sir Rodney's Marmalade",207
Robert,King,"Gnocchi di nonna Alice",885
Robert,King,"Mishi Kobe Niku",75
Robert,King,Pavlova,747
Robert,King,"Schoggi Schokolade",275
Robert,King,Geitost,407
Robert,King,"Carnarvon Tigers",403
Robert,King,"Jack's New England Clam Chowder",792
Robert,King,"Filo Mix",417
Robert,King,"Raclette Courdavault",952
Robert,King,"C�te de Blaye",354
Robert,King,"Gula Malacca",306
Robert,King,Ikura,603
Robert,King,"Steeleye Stout",506
Robert,King,"Scottish Longbreads",549
Robert,King,Chai,654
Robert,King,"Nord-Ost Matjeshering",406
Robert,King,"Alice Mutton",637
Robert,King,"Gravad lax",86
Robert,King,"Inlagd Sill",607
Robert,King,"Queso Cabrales",494
Robert,King,"P�t� chinois",453
Robert,King,Gudbrandsdalsost,520
Robert,King,Lakkalik��ri,741
Robert,King,"Louisiana Hot Spiced Okra",79
Robert,King,"R�d Kaviar",228
Robert,King,"Ravioli Angelo",266
Robert,King,"Queso Manchego La Pastora",317
Robert,King,"Gorgonzola Telino",881
Robert,King,"Manjimup Dried Apples",677
Robert,King,"Escargots de Bourgogne",379
Robert,King,"Aniseed Syrup",228
Robert,King,"Gumb�r Gummib�rchen",440
Robert,King,Flotemysost,627
Robert,King,Tunnbr�d,369
Robert,King,"Sasquatch Ale",361
Robert,King,"Teatime Chocolate Biscuits",464
Robert,King,"Gustaf's Kn�ckebr�d",330
Robert,King,"Original Frankfurter gr�ne So�e",561
Robert,King,"Wimmers gute Semmelkn�del",500
Robert,King,Vegie-spread,236
Robert,King,"Grandma's Boysenberry Spread",265
Robert,King,"Chef Anton's Gumbo Mix",169
Robert,King,"Valkoinen suklaa",140
Robert,King,"Longlife Tofu",95
Janet,Leverling,"Mozzarella di Giovanni",476
Janet,Leverling,"Guaran� Fant�stica",814
Janet,Leverling,"Boston Crab Meat",766
Janet,Leverling,"Singaporean Hokkien Fried Mee",550
Janet,Leverling,"R�ssle Sauerkraut",388
Janet,Leverling,Maxilaku,295
Janet,Leverling,"Genen Shouyu",97
Janet,Leverling,Tourti�re,430
Janet,Leverling,"Rogede sild",463
Janet,Leverling,"Perth Pasties",393
Janet,Leverling,"Laughing Lumberjack Lager",179
Janet,Leverling,Tofu,240
Janet,Leverling,"Louisiana Fiery Hot Pepper Sauce",492
Janet,Leverling,Chang,656
Janet,Leverling,"Sir Rodney's Scones",754
Janet,Leverling,"Sirop d'�rable",472
Janet,Leverling,"Tarte au sucre",723
Janet,Leverling,"NuNuCa Nu�-Nougat-Creme",175
Janet,Leverling,"Outback Lager",556
Janet,Leverling,"Ipoh Coffee",406
Janet,Leverling,Chocolade,53
Janet,Leverling,Konbu,798
Janet,Leverling,"Chartreuse verte",481
Janet,Leverling,"Th�ringer Rostbratwurst",560
Janet,Leverling,"Rh�nbr�u Klosterbier",961
Janet,Leverling,"Chef Anton's Cajun Seasoning",330
Janet,Leverling,"Uncle Bob's Organic Dried Pears",692
Janet,Leverling,"Northwoods Cranberry Sauce",232
Janet,Leverling,Spegesild,368
Janet,Leverling,"Zaanse koeken",354
Janet,Leverling,"Camembert Pierrot",1087
Janet,Leverling,"Mascarpone Fabioli",245
Janet,Leverling,"Sir Rodney's Marmalade",207
Janet,Leverling,"Gnocchi di nonna Alice",885
Janet,Leverling,"Mishi Kobe Niku",75
Janet,Leverling,Pavlova,747
Janet,Leverling,"Schoggi Schokolade",275
Janet,Leverling,Geitost,407
Janet,Leverling,"Carnarvon Tigers",403
Janet,Leverling,"Jack's New England Clam Chowder",792
Janet,Leverling,"Filo Mix",417
Janet,Leverling,"Raclette Courdavault",952
Janet,Leverling,"C�te de Blaye",354
Janet,Leverling,"Gula Malacca",306
Janet,Leverling,Ikura,603
Janet,Leverling,"Steeleye Stout",506
Janet,Leverling,"Scottish Longbreads",549
Janet,Leverling,Chai,654
Janet,Leverling,"Nord-Ost Matjeshering",406
Janet,Leverling,"Alice Mutton",637
Janet,Leverling,"Gravad lax",86
Janet,Leverling,"Inlagd Sill",607
Janet,Leverling,"Queso Cabrales",494
Janet,Leverling,"P�t� chinois",453
Janet,Leverling,Gudbrandsdalsost,520
Janet,Leverling,Lakkalik��ri,741
Janet,Leverling,"Louisiana Hot Spiced Okra",79
Janet,Leverling,"R�d Kaviar",228
Janet,Leverling,"Ravioli Angelo",266
Janet,Leverling,"Queso Manchego La Pastora",317
Janet,Leverling,"Gorgonzola Telino",881
Janet,Leverling,"Manjimup Dried Apples",677
Janet,Leverling,"Escargots de Bourgogne",379
Janet,Leverling,"Aniseed Syrup",228
Janet,Leverling,"Gumb�r Gummib�rchen",440
Janet,Leverling,Flotemysost,627
Janet,Leverling,Tunnbr�d,369
Janet,Leverling,"Sasquatch Ale",361
Janet,Leverling,"Teatime Chocolate Biscuits",464
Janet,Leverling,"Gustaf's Kn�ckebr�d",330
Janet,Leverling,"Original Frankfurter gr�ne So�e",561
Janet,Leverling,"Wimmers gute Semmelkn�del",500
Janet,Leverling,Vegie-spread,236
Janet,Leverling,"Grandma's Boysenberry Spread",265
Janet,Leverling,"Chef Anton's Gumbo Mix",169
Janet,Leverling,"Valkoinen suklaa",140
Janet,Leverling,"Longlife Tofu",95
Margaret,Peacock,"Mozzarella di Giovanni",476
Margaret,Peacock,"Guaran� Fant�stica",814
Margaret,Peacock,"Boston Crab Meat",766
Margaret,Peacock,"Singaporean Hokkien Fried Mee",550
Margaret,Peacock,"R�ssle Sauerkraut",388
Margaret,Peacock,Maxilaku,295
Margaret,Peacock,"Genen Shouyu",97
Margaret,Peacock,Tourti�re,430
Margaret,Peacock,"Rogede sild",463
Margaret,Peacock,"Perth Pasties",393
Margaret,Peacock,"Laughing Lumberjack Lager",179
Margaret,Peacock,Tofu,240
Margaret,Peacock,"Louisiana Fiery Hot Pepper Sauce",492
Margaret,Peacock,Chang,656
Margaret,Peacock,"Sir Rodney's Scones",754
Margaret,Peacock,"Sirop d'�rable",472
Margaret,Peacock,"Tarte au sucre",723
Margaret,Peacock,"NuNuCa Nu�-Nougat-Creme",175
Margaret,Peacock,"Outback Lager",556
Margaret,Peacock,"Ipoh Coffee",406
Margaret,Peacock,Chocolade,53
Margaret,Peacock,Konbu,798
Margaret,Peacock,"Chartreuse verte",481
Margaret,Peacock,"Th�ringer Rostbratwurst",560
Margaret,Peacock,"Rh�nbr�u Klosterbier",961
Margaret,Peacock,"Chef Anton's Cajun Seasoning",330
Margaret,Peacock,"Uncle Bob's Organic Dried Pears",692
Margaret,Peacock,"Northwoods Cranberry Sauce",232
Margaret,Peacock,Spegesild,368
Margaret,Peacock,"Zaanse koeken",354
Margaret,Peacock,"Camembert Pierrot",1087
Margaret,Peacock,"Mascarpone Fabioli",245
Margaret,Peacock,"Sir Rodney's Marmalade",207
Margaret,Peacock,"Gnocchi di nonna Alice",885
Margaret,Peacock,"Mishi Kobe Niku",75
Margaret,Peacock,Pavlova,747
Margaret,Peacock,"Schoggi Schokolade",275
Margaret,Peacock,Geitost,407
Margaret,Peacock,"Carnarvon Tigers",403
Margaret,Peacock,"Jack's New England Clam Chowder",792
Margaret,Peacock,"Filo Mix",417
Margaret,Peacock,"Raclette Courdavault",952
Margaret,Peacock,"C�te de Blaye",354
Margaret,Peacock,"Gula Malacca",306
Margaret,Peacock,Ikura,603
Margaret,Peacock,"Steeleye Stout",506
Margaret,Peacock,"Scottish Longbreads",549
Margaret,Peacock,Chai,654
Margaret,Peacock,"Nord-Ost Matjeshering",406
Margaret,Peacock,"Alice Mutton",637
Margaret,Peacock,"Gravad lax",86
Margaret,Peacock,"Inlagd Sill",607
Margaret,Peacock,"Queso Cabrales",494
Margaret,Peacock,"P�t� chinois",453
Margaret,Peacock,Gudbrandsdalsost,520
Margaret,Peacock,Lakkalik��ri,741
Margaret,Peacock,"Louisiana Hot Spiced Okra",79
Margaret,Peacock,"R�d Kaviar",228
Margaret,Peacock,"Ravioli Angelo",266
Margaret,Peacock,"Queso Manchego La Pastora",317
Margaret,Peacock,"Gorgonzola Telino",881
Margaret,Peacock,"Manjimup Dried Apples",677
Margaret,Peacock,"Escargots de Bourgogne",379
Margaret,Peacock,"Aniseed Syrup",228
Margaret,Peacock,"Gumb�r Gummib�rchen",440
Margaret,Peacock,Flotemysost,627
Margaret,Peacock,Tunnbr�d,369
Margaret,Peacock,"Sasquatch Ale",361
Margaret,Peacock,"Teatime Chocolate Biscuits",464
Margaret,Peacock,"Gustaf's Kn�ckebr�d",330
Margaret,Peacock,"Original Frankfurter gr�ne So�e",561
Margaret,Peacock,"Wimmers gute Semmelkn�del",500
Margaret,Peacock,Vegie-spread,236
Margaret,Peacock,"Grandma's Boysenberry Spread",265
Margaret,Peacock,"Chef Anton's Gumbo Mix",169
Margaret,Peacock,"Valkoinen suklaa",140
Margaret,Peacock,"Longlife Tofu",95
Michael,Suyama,"Mozzarella di Giovanni",476
Michael,Suyama,"Guaran� Fant�stica",814
Michael,Suyama,"Boston Crab Meat",766
Michael,Suyama,"Singaporean Hokkien Fried Mee",550
Michael,Suyama,"R�ssle Sauerkraut",388
Michael,Suyama,Maxilaku,295
Michael,Suyama,"Genen Shouyu",97
Michael,Suyama,Tourti�re,430
Michael,Suyama,"Rogede sild",463
Michael,Suyama,"Perth Pasties",393
Michael,Suyama,"Laughing Lumberjack Lager",179
Michael,Suyama,Tofu,240
Michael,Suyama,"Louisiana Fiery Hot Pepper Sauce",492
Michael,Suyama,Chang,656
Michael,Suyama,"Sir Rodney's Scones",754
Michael,Suyama,"Sirop d'�rable",472
Michael,Suyama,"Tarte au sucre",723
Michael,Suyama,"NuNuCa Nu�-Nougat-Creme",175
Michael,Suyama,"Outback Lager",556
Michael,Suyama,"Ipoh Coffee",406
Michael,Suyama,Chocolade,53
Michael,Suyama,Konbu,798
Michael,Suyama,"Chartreuse verte",481
Michael,Suyama,"Th�ringer Rostbratwurst",560
Michael,Suyama,"Rh�nbr�u Klosterbier",961
Michael,Suyama,"Chef Anton's Cajun Seasoning",330
Michael,Suyama,"Uncle Bob's Organic Dried Pears",692
Michael,Suyama,"Northwoods Cranberry Sauce",232
Michael,Suyama,Spegesild,368
Michael,Suyama,"Zaanse koeken",354
Michael,Suyama,"Camembert Pierrot",1087
Michael,Suyama,"Mascarpone Fabioli",245
Michael,Suyama,"Sir Rodney's Marmalade",207
Michael,Suyama,"Gnocchi di nonna Alice",885
Michael,Suyama,"Mishi Kobe Niku",75
Michael,Suyama,Pavlova,747
Michael,Suyama,"Schoggi Schokolade",275
Michael,Suyama,Geitost,407
Michael,Suyama,"Carnarvon Tigers",403
Michael,Suyama,"Jack's New England Clam Chowder",792
Michael,Suyama,"Filo Mix",417
Michael,Suyama,"Raclette Courdavault",952
Michael,Suyama,"C�te de Blaye",354
Michael,Suyama,"Gula Malacca",306
Michael,Suyama,Ikura,603
Michael,Suyama,"Steeleye Stout",506
Michael,Suyama,"Scottish Longbreads",549
Michael,Suyama,Chai,654
Michael,Suyama,"Nord-Ost Matjeshering",406
Michael,Suyama,"Alice Mutton",637
Michael,Suyama,"Gravad lax",86
Michael,Suyama,"Inlagd Sill",607
Michael,Suyama,"Queso Cabrales",494
Michael,Suyama,"P�t� chinois",453
Michael,Suyama,Gudbrandsdalsost,520
Michael,Suyama,Lakkalik��ri,741
Michael,Suyama,"Louisiana Hot Spiced Okra",79
Michael,Suyama,"R�d Kaviar",228
Michael,Suyama,"Ravioli Angelo",266
Michael,Suyama,"Queso Manchego La Pastora",317
Michael,Suyama,"Gorgonzola Telino",881
Michael,Suyama,"Manjimup Dried Apples",677
Michael,Suyama,"Escargots de Bourgogne",379
Michael,Suyama,"Aniseed Syrup",228
Michael,Suyama,"Gumb�r Gummib�rchen",440
Michael,Suyama,Flotemysost,627
Michael,Suyama,Tunnbr�d,369
Michael,Suyama,"Sasquatch Ale",361
Michael,Suyama,"Teatime Chocolate Biscuits",464
Michael,Suyama,"Gustaf's Kn�ckebr�d",330
Michael,Suyama,"Original Frankfurter gr�ne So�e",561
Michael,Suyama,"Wimmers gute Semmelkn�del",500
Michael,Suyama,Vegie-spread,236
Michael,Suyama,"Grandma's Boysenberry Spread",265
Michael,Suyama,"Chef Anton's Gumbo Mix",169
Michael,Suyama,"Valkoinen suklaa",140
Michael,Suyama,"Longlife Tofu",95
